stage,variant,image_auc,image_ap,pixel_auc_paclip,pixel_ap_paclip,pixel_auc_ours,pixel_ap_ours,pixel_aupro,hit@1_valid,hit@1_strict,hit@3_valid,hit@3_strict,hit@10_valid,hit@10_strict,gap_sigma,peak_gap_z,lesion_z,background_z,acc_image_only,acc_lesion_only,acc_fused,acc_text_fused,alpha_fuse,alpha_pt,lam_pt,oof_img_auc,val_acc,auc_heat_alone,auc_text_alone,w_heat,w_text,w_adapt,n_valid,n_total,tag,edge_warning,pixel_auc_paclip_fixed,pixel_ap_paclip_fixed,pixel_auc_ours_fixed,pixel_ap_ours_fixed,n_pixel_slices,hit@1_chance,hit@3_chance,hit@10_chance,lesion_area_mean,mask_dice,mask_iou,post_tau
text__brain_f__seed111,text-adapter,0.909933,0.980824,0.982864,0.753959,0.984652,0.740679,0.876108,0.90903,0.877398,0.979784,0.945691,0.994272,0.959675,2.260271,0.367678,2.171695,-0.088576,82.772541,nan,82.772541,82.772541,0.05,0.0,0.0,0.856061,nan,0.909933,0.5,0.05,0.95,0.0,2968,3075,text-adapter,0,0.982705,0.751951,0.984531,0.739324,3075,0.038548,0.115645,0.38521,0.039938,0.204325,0.117375,0.5
text__brain_f__seed111,text-adapter proto-only,,,0.97898,0.685699,0.98342,0.719552,0.85381,0.850067,0.820488,0.96934,0.93561,0.993935,0.95935,1.886649,0.162404,1.812198,-0.074451,,,,,,,,,,,,,,,2968,3075,,,0.978873,0.684018,0.983396,0.718388,3075,0.038548,0.115645,0.38521,0.039938,,,
text__brain_f__seed111,text-adapter text-only,,,0.978312,0.741333,0.983571,0.762203,0.839522,0.89252,0.861463,0.971698,0.937886,0.992588,0.958049,3.047186,0.889841,2.930038,-0.117148,,,,,,,,,,,,,,,2968,3075,,,0.978063,0.738666,0.98346,0.760792,3075,0.038548,0.115645,0.38521,0.039938,,,
text__brain_f__seed111,text-adapter mem-only,,,0.944953,0.470606,0.949738,0.485181,0.741016,0.624326,0.602602,0.861186,0.83122,0.958558,0.925203,1.755111,0.043775,1.684964,-0.070147,,,,,,,,,,,,,,,2968,3075,,,0.945081,0.470569,0.950084,0.485483,3075,0.038548,0.115645,0.38521,0.039938,,,
text__brain_f__seed111,text-adapter fused,,,0.982864,0.753959,0.984652,0.740679,0.876108,0.90903,0.877398,0.979784,0.945691,0.994272,0.959675,2.260271,0.367678,2.171695,-0.088576,,,,,,,,,,,,,,,2968,3075,,,0.982705,0.751951,0.984531,0.739324,3075,0.038548,0.115645,0.38521,0.039938,,,
stage1_vs_stage2__brain_f__seed111,Stage1 (冻结原型),0.959562,0.991605,0.981934,0.745855,0.984239,0.739152,0.871788,0.891509,0.860488,0.974057,0.940163,0.993598,0.959024,2.325846,0.380867,2.235179,-0.090667,82.772541,82.772541,82.772541,82.772541,0.05,30.0,0.0,0.914336,9.513742,0.913872,0.5,0.918284,0.959562,0.1,0.8,0.1,2968,3075,Stage1 (冻结原型),1,0.981743,0.743648,0.984081,0.737506,3075,0.038548,0.115645,0.38521,0.039938,0.195541,0.11168,0.5
stage1_vs_stage2__brain_f__seed111,Stage1 (冻结原型) proto-only,,,0.979481,0.684768,0.98213,0.698384,0.847191,0.815364,0.786992,0.96159,0.92813,0.993598,0.959024,1.910996,0.164911,1.835904,-0.075092,,,,,,,,,,,,,,,,,2968,3075,,,0.979356,0.682874,0.982075,0.697152,3075,0.038548,0.115645,0.38521,0.039938,,,
stage1_vs_stage2__brain_f__seed111,Stage1 (冻结原型) text-only,,,0.97505,0.733882,0.979794,0.745314,0.828299,0.867925,0.837724,0.96597,0.932358,0.990566,0.956098,2.920691,0.831938,2.808726,-0.111965,,,,,,,,,,,,,,,,,2968,3075,,,0.974651,0.731017,0.979551,0.743348,3075,0.038548,0.115645,0.38521,0.039938,,,
stage1_vs_stage2__brain_f__seed111,Stage1 (冻结原型) mem-only,,,0.936763,0.431722,0.940593,0.436141,0.716077,0.565701,0.546016,0.817385,0.788943,0.946092,0.913171,1.621276,0.016661,1.556151,-0.065125,,,,,,,,,,,,,,,,,2968,3075,,,0.936907,0.432342,0.940942,0.437252,3075,0.038548,0.115645,0.38521,0.039938,,,
stage1_vs_stage2__brain_f__seed111,Stage1 (冻结原型) fused,,,0.981934,0.745855,0.984239,0.739152,0.871788,0.891509,0.860488,0.974057,0.940163,0.993598,0.959024,2.325846,0.380867,2.235179,-0.090667,,,,,,,,,,,,,,,,,2968,3075,,,0.981743,0.743648,0.984081,0.737506,3075,0.038548,0.115645,0.38521,0.039938,,,
stage1_vs_stage2__brain_f__seed111,Stage2 (解冻原型),0.965137,0.992842,0.984961,0.787934,0.987883,0.787153,0.89089,0.942048,0.909268,0.98248,0.948293,0.99562,0.960976,2.680401,0.714147,2.576643,-0.103758,82.772541,82.772541,82.772541,82.772541,0.05,0.0,0.0,0.938811,9.302326,0.93961,0.5,0.920176,0.965137,0.4,0.3,0.3,2968,3075,Stage2 (解冻原型),1,0.984801,0.786006,0.987782,0.785954,3075,0.038548,0.115645,0.38521,0.039938,0.701768,0.578918,0.8
stage1_vs_stage2__brain_f__seed111,Stage2 (解冻原型) proto-only,,,0.987307,0.812277,0.991018,0.839714,0.899402,0.958558,0.925203,0.98686,0.95252,0.99562,0.960976,2.67401,0.843189,2.570629,-0.103381,,,,,,,,,,,,,,,,,2968,3075,,,0.987211,0.811045,0.990962,0.838811,3075,0.038548,0.115645,0.38521,0.039938,,,
stage1_vs_stage2__brain_f__seed111,Stage2 (解冻原型) text-only,,,0.97857,0.742804,0.983492,0.761986,0.842929,0.891172,0.860163,0.971361,0.937561,0.992588,0.958049,3.076578,0.892818,2.958644,-0.117934,,,,,,,,,,,,,,,,,2968,3075,,,0.978299,0.740027,0.983361,0.760394,3075,0.038548,0.115645,0.38521,0.039938,,,
stage1_vs_stage2__brain_f__seed111,Stage2 (解冻原型) mem-only,,,0.941514,0.455476,0.945819,0.462575,0.732138,0.596361,0.57561,0.840297,0.811057,0.954852,0.921626,1.686897,0.028005,1.619277,-0.06762,,,,,,,,,,,,,,,,,2968,3075,,,0.94163,0.455896,0.946158,0.46349,3075,0.038548,0.115645,0.38521,0.039938,,,
stage1_vs_stage2__brain_f__seed111,Stage2 (解冻原型) fused,,,0.984961,0.787934,0.987883,0.787153,0.89089,0.942048,0.909268,0.98248,0.948293,0.99562,0.960976,2.680401,0.714147,2.576643,-0.103758,,,,,,,,,,,,,,,,,2968,3075,,,0.984801,0.786006,0.987782,0.785954,3075,0.038548,0.115645,0.38521,0.039938,,,
text__brain_f__seed222,text-adapter,0.913227,0.981609,0.982929,0.755791,0.984799,0.743919,0.876725,0.914084,0.882276,0.978437,0.94439,0.994609,0.96,2.267883,0.376521,2.179072,-0.088812,82.772541,nan,82.772541,82.772541,0.05,0.0,0.0,0.86655,nan,0.913468,0.499837,0.05,0.95,0.0,2968,3075,text-adapter,0,0.982781,0.753794,0.984685,0.742512,3075,0.038548,0.115645,0.38521,0.039938,0.203756,0.116989,0.5
text__brain_f__seed222,text-adapter proto-only,,,0.979767,0.697825,0.984317,0.734396,0.855791,0.872305,0.841951,0.97372,0.939837,0.994946,0.960325,1.89766,0.180853,1.822844,-0.074816,,,,,,,,,,,,,,,2968,3075,,,0.979651,0.695972,0.984299,0.733554,3075,0.038548,0.115645,0.38521,0.039938,,,
text__brain_f__seed222,text-adapter text-only,,,0.978243,0.740747,0.983247,0.7588,0.837947,0.888477,0.857561,0.971361,0.937561,0.991914,0.957398,3.043623,0.878922,2.926616,-0.117007,,,,,,,,,,,,,,,2968,3075,,,0.977992,0.7381,0.983128,0.757348,3075,0.038548,0.115645,0.38521,0.039938,,,
text__brain_f__seed222,text-adapter mem-only,,,0.945375,0.471711,0.951046,0.495304,0.73795,0.629717,0.607805,0.875674,0.845203,0.958558,0.925203,1.75623,0.038651,1.686121,-0.070109,,,,,,,,,,,,,,,2968,3075,,,0.945547,0.471999,0.951392,0.496008,3075,0.038548,0.115645,0.38521,0.039938,,,
text__brain_f__seed222,text-adapter fused,,,0.982929,0.755791,0.984799,0.743919,0.876725,0.914084,0.882276,0.978437,0.94439,0.994609,0.96,2.267883,0.376521,2.179072,-0.088812,,,,,,,,,,,,,,,2968,3075,,,0.982781,0.753794,0.984685,0.742512,3075,0.038548,0.115645,0.38521,0.039938,,,
stage1_vs_stage2__brain_f__seed222,Stage1 (冻结原型),0.960225,0.991858,0.981993,0.748069,0.984368,0.743987,0.872005,0.900606,0.869268,0.973383,0.939512,0.994272,0.959675,2.294973,0.383643,2.205458,-0.089516,82.772541,82.772541,82.799459,82.772541,0.05,50.0,0.0,0.921911,11.41649,0.921507,0.499837,0.920039,0.960225,0.5,0.1,0.4,2968,3075,Stage1 (冻结原型),1,0.981813,0.745791,0.984218,0.742187,3075,0.038548,0.115645,0.38521,0.039938,0.18796,0.106789,0.5
stage1_vs_stage2__brain_f__seed222,Stage1 (冻结原型) proto-only,,,0.980175,0.698369,0.983384,0.71951,0.852444,0.847372,0.817886,0.971698,0.937886,0.993598,0.959024,1.91126,0.1931,1.836237,-0.075023,,,,,,,,,,,,,,,,,2968,3075,,,0.980056,0.696233,0.983345,0.718485,3075,0.038548,0.115645,0.38521,0.039938,,,
stage1_vs_stage2__brain_f__seed222,Stage1 (冻结原型) text-only,,,0.973249,0.730567,0.977805,0.735314,0.8167,0.858154,0.828293,0.962938,0.929431,0.990229,0.955772,2.792595,0.78021,2.685134,-0.107461,,,,,,,,,,,,,,,,,2968,3075,,,0.972787,0.727667,0.977511,0.733233,3075,0.038548,0.115645,0.38521,0.039938,,,
stage1_vs_stage2__brain_f__seed222,Stage1 (冻结原型) mem-only,,,0.93653,0.431533,0.942149,0.449602,0.714865,0.600741,0.579837,0.837601,0.808455,0.953504,0.920325,1.628953,0.023425,1.563608,-0.065344,,,,,,,,,,,,,,,,,2968,3075,,,0.936729,0.432412,0.942511,0.450902,3075,0.038548,0.115645,0.38521,0.039938,,,
stage1_vs_stage2__brain_f__seed222,Stage1 (冻结原型) fused,,,0.981993,0.748069,0.984368,0.743987,0.872005,0.900606,0.869268,0.973383,0.939512,0.994272,0.959675,2.294973,0.383643,2.205458,-0.089516,,,,,,,,,,,,,,,,,2968,3075,,,0.981813,0.745791,0.984218,0.742187,3075,0.038548,0.115645,0.38521,0.039938,,,
stage1_vs_stage2__brain_f__seed222,Stage2 (解冻原型),0.966396,0.993292,0.984384,0.785892,0.987893,0.792959,0.890782,0.946765,0.913821,0.984501,0.950244,0.995957,0.961301,2.531574,0.58379,2.432838,-0.098736,82.772541,82.772541,82.772541,82.772541,0.05,0.0,0.0,0.94289,9.302326,0.946864,0.499837,0.918232,0.966396,0.5,0.3,0.2,2968,3075,Stage2 (解冻原型),1,0.984264,0.78435,0.98781,0.791872,3075,0.038548,0.115645,0.38521,0.039938,0.714682,0.598864,0.8
stage1_vs_stage2__brain_f__seed222,Stage2 (解冻原型) proto-only,,,0.98727,0.812843,0.991022,0.840172,0.897587,0.958895,0.925528,0.98686,0.95252,0.995283,0.96065,2.667583,0.854525,2.564375,-0.103208,,,,,,,,,,,,,,,,,2968,3075,,,0.987162,0.811561,0.99096,0.839278,3075,0.038548,0.115645,0.38521,0.039938,,,
stage1_vs_stage2__brain_f__seed222,Stage2 (解冻原型) text-only,,,0.978301,0.741403,0.982925,0.756647,0.839471,0.884097,0.853333,0.970687,0.936911,0.991914,0.957398,3.057387,0.874315,2.940109,-0.117278,,,,,,,,,,,,,,,,,2968,3075,,,0.97802,0.73864,0.982778,0.754994,3075,0.038548,0.115645,0.38521,0.039938,,,
stage1_vs_stage2__brain_f__seed222,Stage2 (解冻原型) mem-only,,,0.94173,0.458055,0.94757,0.477775,0.730475,0.622642,0.600976,0.855121,0.825366,0.957884,0.924553,1.691541,0.031838,1.623818,-0.067723,,,,,,,,,,,,,,,,,2968,3075,,,0.941914,0.458776,0.947908,0.478895,3075,0.038548,0.115645,0.38521,0.039938,,,
stage1_vs_stage2__brain_f__seed222,Stage2 (解冻原型) fused,,,0.984384,0.785892,0.987893,0.792959,0.890782,0.946765,0.913821,0.984501,0.950244,0.995957,0.961301,2.531574,0.58379,2.432838,-0.098736,,,,,,,,,,,,,,,,,2968,3075,,,0.984264,0.78435,0.98781,0.791872,3075,0.038548,0.115645,0.38521,0.039938,,,
text__brain_f__seed333,text-adapter,0.912272,0.98159,0.979793,0.737254,0.983157,0.735837,0.870386,0.908356,0.876748,0.974057,0.940163,0.991577,0.957073,2.229717,0.348787,2.142129,-0.087589,82.772541,nan,82.772541,82.772541,0.05,0.0,0.0,0.804196,nan,0.912272,0.5,0.05,0.95,0.0,2968,3075,text-adapter,0,0.979693,0.73571,0.983096,0.734671,3075,0.038548,0.115645,0.38521,0.039938,0.203788,0.116992,0.5
text__brain_f__seed333,text-adapter proto-only,,,0.978486,0.683108,0.982751,0.71219,0.847695,0.847709,0.818211,0.971361,0.937561,0.993935,0.95935,1.858166,0.158758,1.784717,-0.073449,,,,,,,,,,,,,,,2968,3075,,,0.978384,0.681069,0.982727,0.711009,3075,0.038548,0.115645,0.38521,0.039938,,,
text__brain_f__seed333,text-adapter text-only,,,0.978795,0.744104,0.983901,0.765019,0.843602,0.892857,0.861789,0.972372,0.938537,0.992925,0.958374,3.044996,0.88304,2.927957,-0.117038,,,,,,,,,,,,,,,2968,3075,,,0.978553,0.741446,0.983786,0.763544,3075,0.038548,0.115645,0.38521,0.039938,,,
text__brain_f__seed333,text-adapter mem-only,,,0.945505,0.479461,0.950441,0.494689,0.739817,0.640836,0.618537,0.87062,0.840325,0.963949,0.930407,1.757311,0.049151,1.687127,-0.070184,,,,,,,,,,,,,,,2968,3075,,,0.945667,0.478955,0.95077,0.494687,3075,0.038548,0.115645,0.38521,0.039938,,,
text__brain_f__seed333,text-adapter fused,,,0.979793,0.737254,0.983157,0.735837,0.870386,0.908356,0.876748,0.974057,0.940163,0.991577,0.957073,2.229717,0.348787,2.142129,-0.087589,,,,,,,,,,,,,,,2968,3075,,,0.979693,0.73571,0.983096,0.734671,3075,0.038548,0.115645,0.38521,0.039938,,,
stage1_vs_stage2__brain_f__seed333,Stage1 (冻结原型),0.957727,0.990992,0.982155,0.748225,0.984471,0.741964,0.874479,0.902965,0.871545,0.977089,0.943089,0.994272,0.959675,2.308025,0.366285,2.217928,-0.090097,82.772541,82.772541,82.772541,82.772541,0.05,50.0,0.0,0.91317,9.725158,0.912257,0.5,0.922159,0.957727,0.2,0.5,0.3,2968,3075,Stage1 (冻结原型),1,0.981967,0.745853,0.984323,0.740137,3075,0.038548,0.115645,0.38521,0.039938,0.198869,0.113819,0.5
stage1_vs_stage2__brain_f__seed333,Stage1 (冻结原型) proto-only,,,0.979023,0.680656,0.981596,0.690648,0.842392,0.796159,0.768455,0.962264,0.92878,0.993261,0.958699,1.875013,0.145926,1.801107,-0.073906,,,,,,,,,,,,,,,,,2968,3075,,,0.978889,0.678361,0.981538,0.68948,3075,0.038548,0.115645,0.38521,0.039938,,,
stage1_vs_stage2__brain_f__seed333,Stage1 (冻结原型) text-only,,,0.977662,0.73828,0.982052,0.752114,0.84312,0.874663,0.844228,0.968666,0.934959,0.991577,0.957073,3.032326,0.804519,2.916351,-0.115975,,,,,,,,,,,,,,,,,2968,3075,,,0.977326,0.735465,0.981848,0.750182,3075,0.038548,0.115645,0.38521,0.039938,,,
stage1_vs_stage2__brain_f__seed333,Stage1 (冻结原型) mem-only,,,0.939117,0.448868,0.942789,0.450747,0.723518,0.588612,0.56813,0.831536,0.802602,0.948113,0.915122,1.652475,0.02415,1.586134,-0.066341,,,,,,,,,,,,,,,,,2968,3075,,,0.939282,0.448162,0.943105,0.450942,3075,0.038548,0.115645,0.38521,0.039938,,,
stage1_vs_stage2__brain_f__seed333,Stage1 (冻结原型) fused,,,0.982155,0.748225,0.984471,0.741964,0.874479,0.902965,0.871545,0.977089,0.943089,0.994272,0.959675,2.308025,0.366285,2.217928,-0.090097,,,,,,,,,,,,,,,,,2968,3075,,,0.981967,0.745853,0.984323,0.740137,3075,0.038548,0.115645,0.38521,0.039938,,,
stage1_vs_stage2__brain_f__seed333,Stage2 (解冻原型),0.964909,0.992847,0.985222,0.793481,0.988298,0.795109,0.892615,0.951482,0.918374,0.984501,0.950244,0.996294,0.961626,2.655938,0.717893,2.552988,-0.10295,82.772541,82.772541,82.772541,82.772541,0.05,0.0,0.0,0.945804,9.302326,0.945956,0.5,0.925284,0.964909,0.2,0.7,0.1,2968,3075,Stage2 (解冻原型),1,0.985078,0.791644,0.988206,0.793927,3075,0.038548,0.115645,0.38521,0.039938,0.707156,0.585778,0.8
stage1_vs_stage2__brain_f__seed333,Stage2 (解冻原型) proto-only,,,0.987175,0.812603,0.99096,0.839622,0.897686,0.956873,0.923577,0.986523,0.952195,0.995283,0.96065,2.662233,0.844697,2.559157,-0.103075,,,,,,,,,,,,,,,,,2968,3075,,,0.987056,0.811224,0.990893,0.838575,3075,0.038548,0.115645,0.38521,0.039938,,,
stage1_vs_stage2__brain_f__seed333,Stage2 (解冻原型) text-only,,,0.979237,0.746665,0.984009,0.765542,0.847509,0.895216,0.864065,0.972372,0.938537,0.992925,0.958374,3.057867,0.8621,2.940559,-0.117308,,,,,,,,,,,,,,,,,2968,3075,,,0.978979,0.743951,0.983877,0.763922,3075,0.038548,0.115645,0.38521,0.039938,,,
stage1_vs_stage2__brain_f__seed333,Stage2 (解冻原型) mem-only,,,0.943832,0.47621,0.947933,0.480592,0.736778,0.625,0.603252,0.856469,0.826667,0.958558,0.925203,1.70481,0.039338,1.636506,-0.068304,,,,,,,,,,,,,,,,,2968,3075,,,0.943992,0.475772,0.948259,0.480873,3075,0.038548,0.115645,0.38521,0.039938,,,
stage1_vs_stage2__brain_f__seed333,Stage2 (解冻原型) fused,,,0.985222,0.793481,0.988298,0.795109,0.892615,0.951482,0.918374,0.984501,0.950244,0.996294,0.961626,2.655938,0.717893,2.552988,-0.10295,,,,,,,,,,,,,,,,,2968,3075,,,0.985078,0.791644,0.988206,0.793927,3075,0.038548,0.115645,0.38521,0.039938,,,
text__brain_f__seed444,text-adapter,0.910034,0.980845,0.982605,0.752249,0.984468,0.741355,0.874316,0.912062,0.880325,0.978774,0.944715,0.993261,0.958699,2.255824,0.373882,2.167438,-0.088387,82.772541,nan,82.772541,82.772541,0.05,0.0,0.0,0.849068,nan,0.910034,0.5,0.05,0.95,0.0,2968,3075,text-adapter,0,0.982441,0.750054,0.984342,0.739747,3075,0.038548,0.115645,0.38521,0.039938,0.203178,0.116621,0.5
text__brain_f__seed444,text-adapter proto-only,,,0.978791,0.682748,0.982827,0.714269,0.846718,0.840297,0.811057,0.970013,0.93626,0.993261,0.958699,1.869346,0.155868,1.795589,-0.073757,,,,,,,,,,,,,,,2968,3075,,,0.978673,0.680659,0.982796,0.713096,3075,0.038548,0.115645,0.38521,0.039938,,,
text__brain_f__seed444,text-adapter text-only,,,0.978008,0.738572,0.983252,0.759929,0.837733,0.888477,0.857561,0.971361,0.937561,0.992588,0.958049,3.036515,0.888419,2.91974,-0.116774,,,,,,,,,,,,,,,2968,3075,,,0.97775,0.735897,0.983136,0.758526,3075,0.038548,0.115645,0.38521,0.039938,,,
text__brain_f__seed444,text-adapter mem-only,,,0.945467,0.478535,0.951372,0.499892,0.742197,0.642183,0.619837,0.867925,0.837724,0.955189,0.921951,1.761485,0.047941,1.691112,-0.070374,,,,,,,,,,,,,,,2968,3075,,,0.945588,0.478099,0.951682,0.499666,3075,0.038548,0.115645,0.38521,0.039938,,,
text__brain_f__seed444,text-adapter fused,,,0.982605,0.752249,0.984468,0.741355,0.874316,0.912062,0.880325,0.978774,0.944715,0.993261,0.958699,2.255824,0.373882,2.167438,-0.088387,,,,,,,,,,,,,,,2968,3075,,,0.982441,0.750054,0.984342,0.739747,3075,0.038548,0.115645,0.38521,0.039938,,,
stage1_vs_stage2__brain_f__seed444,Stage1 (冻结原型),0.959024,0.991648,0.982005,0.745924,0.984197,0.740497,0.870524,0.899259,0.867967,0.975741,0.941789,0.993598,0.959024,2.280008,0.372318,2.190962,-0.089046,82.772541,82.772541,82.772541,82.772541,0.05,50.0,0.0,0.915501,9.725158,0.914071,0.5,0.921307,0.959024,0.4,0.3,0.3,2968,3075,Stage1 (冻结原型),1,0.981813,0.743538,0.984044,0.738673,3075,0.038548,0.115645,0.38521,0.039938,0.190375,0.108328,0.5
stage1_vs_stage2__brain_f__seed444,Stage1 (冻结原型) proto-only,,,0.979168,0.680065,0.981651,0.694171,0.840725,0.799865,0.772033,0.959232,0.925854,0.992588,0.958049,1.874893,0.148155,1.801152,-0.073741,,,,,,,,,,,,,,,,,2968,3075,,,0.979038,0.677818,0.981599,0.693012,3075,0.038548,0.115645,0.38521,0.039938,,,
stage1_vs_stage2__brain_f__seed444,Stage1 (冻结原型) text-only,,,0.976018,0.735008,0.980585,0.74645,0.831551,0.867251,0.837073,0.964286,0.930732,0.990566,0.956098,2.910526,0.809017,2.798686,-0.11184,,,,,,,,,,,,,,,,,2968,3075,,,0.975649,0.732139,0.980369,0.74448,3075,0.038548,0.115645,0.38521,0.039938,,,
stage1_vs_stage2__brain_f__seed444,Stage1 (冻结原型) mem-only,,,0.939169,0.45015,0.943776,0.457524,0.720201,0.577493,0.557398,0.831536,0.802602,0.945418,0.91252,1.646433,0.020895,1.580298,-0.066135,,,,,,,,,,,,,,,,,2968,3075,,,0.939313,0.450293,0.94411,0.458179,3075,0.038548,0.115645,0.38521,0.039938,,,
stage1_vs_stage2__brain_f__seed444,Stage1 (冻结原型) fused,,,0.982005,0.745924,0.984197,0.740497,0.870524,0.899259,0.867967,0.975741,0.941789,0.993598,0.959024,2.280008,0.372318,2.190962,-0.089046,,,,,,,,,,,,,,,,,2968,3075,,,0.981813,0.743538,0.984044,0.738673,3075,0.038548,0.115645,0.38521,0.039938,,,
stage1_vs_stage2__brain_f__seed444,Stage2 (解冻原型),0.964764,0.992929,0.985136,0.791721,0.988326,0.797186,0.891939,0.949461,0.916423,0.984838,0.950569,0.995957,0.961301,2.584699,0.632206,2.484082,-0.100618,82.772541,82.772541,82.772541,82.772541,0.05,0.0,0.0,0.945221,9.302326,0.946727,0.5,0.917538,0.964764,0.5,0.3,0.2,2968,3075,Stage2 (解冻原型),1,0.984996,0.789923,0.988231,0.796008,3075,0.038548,0.115645,0.38521,0.039938,0.715768,0.599063,0.8
stage1_vs_stage2__brain_f__seed444,Stage2 (解冻原型) proto-only,,,0.987659,0.815227,0.991094,0.840321,0.898499,0.959232,0.925854,0.986523,0.952195,0.99562,0.960976,2.665872,0.845483,2.56276,-0.103112,,,,,,,,,,,,,,,,,2968,3075,,,0.987554,0.813915,0.991036,0.839422,3075,0.038548,0.115645,0.38521,0.039938,,,
stage1_vs_stage2__brain_f__seed444,Stage2 (解冻原型) text-only,,,0.978221,0.740374,0.983171,0.759628,0.840055,0.889151,0.858211,0.97035,0.936585,0.991914,0.957398,3.040792,0.879164,2.924026,-0.116766,,,,,,,,,,,,,,,,,2968,3075,,,0.977945,0.737603,0.983036,0.75805,3075,0.038548,0.115645,0.38521,0.039938,,,
stage1_vs_stage2__brain_f__seed444,Stage2 (解冻原型) mem-only,,,0.943137,0.470547,0.948385,0.482892,0.734952,0.606806,0.585691,0.84872,0.819187,0.952493,0.91935,1.702641,0.033182,1.634402,-0.068239,,,,,,,,,,,,,,,,,2968,3075,,,0.943245,0.470339,0.948688,0.483016,3075,0.038548,0.115645,0.38521,0.039938,,,
stage1_vs_stage2__brain_f__seed444,Stage2 (解冻原型) fused,,,0.985136,0.791721,0.988326,0.797186,0.891939,0.949461,0.916423,0.984838,0.950569,0.995957,0.961301,2.584699,0.632206,2.484082,-0.100618,,,,,,,,,,,,,,,,,2968,3075,,,0.984996,0.789923,0.988231,0.796008,3075,0.038548,0.115645,0.38521,0.039938,,,
text__brain_f__seed555,text-adapter,0.912358,0.981451,0.982878,0.754353,0.984699,0.742369,0.875846,0.909703,0.878049,0.978774,0.944715,0.994609,0.96,2.266569,0.376067,2.177791,-0.088777,82.772541,nan,82.772541,82.772541,0.05,0.0,0.0,0.861888,nan,0.912358,0.5,0.05,0.95,0.0,2968,3075,text-adapter,0,0.98272,0.752238,0.984576,0.740862,3075,0.038548,0.115645,0.38521,0.039938,0.204436,0.117435,0.5
text__brain_f__seed555,text-adapter proto-only,,,0.979214,0.688167,0.983876,0.724269,0.85397,0.838949,0.809756,0.96496,0.931382,0.994272,0.959675,1.878294,0.157877,1.804092,-0.074202,,,,,,,,,,,,,,,2968,3075,,,0.979109,0.68652,0.983862,0.723194,3075,0.038548,0.115645,0.38521,0.039938,,,
text__brain_f__seed555,text-adapter text-only,,,0.977778,0.737818,0.983102,0.759157,0.835642,0.890162,0.859187,0.971024,0.937236,0.992251,0.957724,3.055503,0.906257,2.938152,-0.117351,,,,,,,,,,,,,,,2968,3075,,,0.977518,0.735099,0.982984,0.757688,3075,0.038548,0.115645,0.38521,0.039938,,,
text__brain_f__seed555,text-adapter mem-only,,,0.94532,0.469925,0.951781,0.497647,0.743041,0.628369,0.606504,0.866914,0.836748,0.956536,0.923252,1.7608,0.044344,1.690567,-0.070234,,,,,,,,,,,,,,,2968,3075,,,0.945393,0.469392,0.952002,0.497411,3075,0.038548,0.115645,0.38521,0.039938,,,
text__brain_f__seed555,text-adapter fused,,,0.982878,0.754353,0.984699,0.742369,0.875846,0.909703,0.878049,0.978774,0.944715,0.994609,0.96,2.266569,0.376067,2.177791,-0.088777,,,,,,,,,,,,,,,2968,3075,,,0.98272,0.752238,0.984576,0.740862,3075,0.038548,0.115645,0.38521,0.039938,,,
stage1_vs_stage2__brain_f__seed555,Stage1 (冻结原型),0.955738,0.991003,0.981799,0.74526,0.984021,0.741015,0.867857,0.890499,0.859512,0.973383,0.939512,0.993598,0.959024,2.286785,0.379497,2.197561,-0.089223,82.772541,82.772541,82.772541,82.772541,0.05,50.0,0.0,0.91958,9.936575,0.91887,0.5,0.922232,0.955738,0.3,0.5,0.2,2968,3075,Stage1 (冻结原型),1,0.981616,0.74297,0.983865,0.739222,3075,0.038548,0.115645,0.38521,0.039938,0.185589,0.105289,0.5
stage1_vs_stage2__brain_f__seed555,Stage1 (冻结原型) proto-only,,,0.979979,0.688251,0.982284,0.697562,0.845674,0.803908,0.775935,0.955526,0.922276,0.993935,0.95935,1.895119,0.161901,1.820607,-0.074513,,,,,,,,,,,,,,,,,2968,3075,,,0.979865,0.686477,0.982236,0.696516,3075,0.038548,0.115645,0.38521,0.039938,,,
stage1_vs_stage2__brain_f__seed555,Stage1 (冻结原型) text-only,,,0.970208,0.724931,0.975603,0.731441,0.802751,0.853437,0.82374,0.963275,0.929756,0.988881,0.954472,2.708035,0.780812,2.603679,-0.104356,,,,,,,,,,,,,,,,,2968,3075,,,0.96968,0.72201,0.975262,0.729303,3075,0.038548,0.115645,0.38521,0.039938,,,
stage1_vs_stage2__brain_f__seed555,Stage1 (冻结原型) mem-only,,,0.937016,0.430128,0.942332,0.445538,0.71575,0.569744,0.549919,0.820755,0.792195,0.948787,0.915772,1.597223,0.015917,1.533179,-0.064044,,,,,,,,,,,,,,,,,2968,3075,,,0.93716,0.430429,0.942631,0.446231,3075,0.038548,0.115645,0.38521,0.039938,,,
stage1_vs_stage2__brain_f__seed555,Stage1 (冻结原型) fused,,,0.981799,0.74526,0.984021,0.741015,0.867857,0.890499,0.859512,0.973383,0.939512,0.993598,0.959024,2.286785,0.379497,2.197561,-0.089223,,,,,,,,,,,,,,,,,2968,3075,,,0.981616,0.74297,0.983865,0.739222,3075,0.038548,0.115645,0.38521,0.039938,,,
stage1_vs_stage2__brain_f__seed555,Stage2 (解冻原型),0.961701,0.992189,0.984552,0.781681,0.987242,0.778724,0.885289,0.928908,0.896585,0.980458,0.946342,0.994946,0.960325,2.764398,0.792156,2.657827,-0.106571,82.772541,82.772541,82.772541,82.772541,0.05,0.0,0.0,0.931818,9.302326,0.933898,0.5,0.92386,0.961701,0.5,0.2,0.3,2968,3075,Stage2 (解冻原型),1,0.984381,0.779483,0.98713,0.777337,3075,0.038548,0.115645,0.38521,0.039938,0.706351,0.586638,0.75
stage1_vs_stage2__brain_f__seed555,Stage2 (解冻原型) proto-only,,,0.987294,0.813342,0.991108,0.840448,0.899364,0.958558,0.925203,0.98686,0.95252,0.995957,0.961301,2.672651,0.863183,2.56923,-0.103421,,,,,,,,,,,,,,,,,2968,3075,,,0.987203,0.812095,0.991054,0.839524,3075,0.038548,0.115645,0.38521,0.039938,,,
stage1_vs_stage2__brain_f__seed555,Stage2 (解冻原型) text-only,,,0.977918,0.739722,0.982792,0.757437,0.837472,0.885445,0.854634,0.970013,0.93626,0.991914,0.957398,3.054605,0.893552,2.937488,-0.117117,,,,,,,,,,,,,,,,,2968,3075,,,0.977624,0.736893,0.982644,0.755776,3075,0.038548,0.115645,0.38521,0.039938,,,
stage1_vs_stage2__brain_f__seed555,Stage2 (解冻原型) mem-only,,,0.942113,0.456869,0.948058,0.476253,0.733996,0.592655,0.572033,0.84434,0.814959,0.953167,0.92,1.677901,0.028283,1.61074,-0.067161,,,,,,,,,,,,,,,,,2968,3075,,,0.942204,0.456616,0.948306,0.476444,3075,0.038548,0.115645,0.38521,0.039938,,,
stage1_vs_stage2__brain_f__seed555,Stage2 (解冻原型) fused,,,0.984552,0.781681,0.987242,0.778724,0.885289,0.928908,0.896585,0.980458,0.946342,0.994946,0.960325,2.764398,0.792156,2.657827,-0.106571,,,,,,,,,,,,,,,,,2968,3075,,,0.984381,0.779483,0.98713,0.777337,3075,0.038548,0.115645,0.38521,0.039938,,,
text__brain_f__meanstd,text-adapter,0.911565,0.981264,0.982214,0.750721,0.984355,0.740832,0.874676,0.910647,0.878959,0.977965,0.943935,0.993666,0.959089,2.256053,0.368587,2.167625,-0.088428,82.772541,nan,82.772541,82.772541,0.05,0.0,0.0,0.847552,nan,0.911613,0.499967,0.05,0.95,0.0,2968.0,3075.0,5,text-adapter,0.0,0.0,0,0.0,0.0,0.0,0.0,0.0,0.0,0.001492,0.000397,0.0,0.025104,0.001561,7.3e-05,0.001359,0.007633,0.982068,0.001334,0.748749,0.00741,0.000681,0.003047,0.984246,0.000655,0.739423,0.002929,0.002557,3075.0,0.0,0.002375,0.002293,0.038548,0.0,0.002243,0.002164,0.115645,0.0,0.001292,0.001247,0.38521,0.0,0.0,0.0,0.039938,0.0,0.015009,0.000499,0.015508,0.011617,0.203897,0.000506,0.117082,0.000332,0.5,0.0
text__brain_f__meanstd,text-adapter proto-only,,,0.979048,0.687509,0.983438,0.720935,0.851597,0.849865,0.820293,0.969879,0.93613,0.99407,0.95948,1.878023,0.163152,1.803888,-0.074135,,,,,,,,,,,,,,,2968.0,3075.0,5,,,,,,,,,,,,,,,,,0.000483,0.006168,0.978938,0.000479,0.685648,0.006242,0.000673,0.008876,0.983416,0.000678,0.719848,0.009013,0.004097,3075.0,0.0,0.013407,0.01294,0.038548,0.0,0.003219,0.003107,0.115645,0.0,0.000612,0.000591,0.38521,0.0,0.0,0.0,0.039938,0.0,0.014704,0.000544,0.015245,0.010175,,,,,,
text__brain_f__meanstd,text-adapter text-only,,,0.978227,0.740515,0.983415,0.761022,0.838889,0.890499,0.859512,0.971563,0.937756,0.992453,0.957919,3.045564,0.889296,2.928501,-0.117063,,,,,,,,,,,,,,,2968.0,3075.0,5,,,,,,,,,,,,,,,,,0.000381,0.002483,0.977975,0.000388,0.737841,0.002502,0.000322,0.002597,0.983299,0.000323,0.75958,0.002591,0.002974,3075.0,0.0,0.002118,0.002044,0.038548,0.0,0.000511,0.000493,0.115645,0.0,0.000384,0.000371,0.38521,0.0,0.0,0.0,0.039938,0.0,0.006635,0.000211,0.006845,0.010434,,,,,,
text__brain_f__meanstd,text-adapter mem-only,,,0.945324,0.474048,0.950876,0.494543,0.740804,0.633086,0.611057,0.868464,0.838244,0.958558,0.925203,1.758187,0.044772,1.687978,-0.070209,,,,,,,,,,,,,,,2968.0,3075.0,5,,,,,,,,,,,,,,,,,0.00022,0.004576,0.945455,0.000232,0.473803,0.004421,0.000803,0.005623,0.951186,0.000765,0.494651,0.005446,0.002007,3075.0,0.0,0.007955,0.007679,0.038548,0.0,0.005298,0.005114,0.115645,0.0,0.003335,0.003219,0.38521,0.0,0.0,0.0,0.039938,0.0,0.002728,0.000103,0.002818,0.004119,,,,,,
text__brain_f__meanstd,text-adapter fused,,,0.982214,0.750721,0.984355,0.740832,0.874676,0.910647,0.878959,0.977965,0.943935,0.993666,0.959089,2.256053,0.368587,2.167625,-0.088428,,,,,,,,,,,,,,,2968.0,3075.0,5,,,,,,,,,,,,,,,,,0.001359,0.007633,0.982068,0.001334,0.748749,0.00741,0.000681,0.003047,0.984246,0.000655,0.739423,0.002929,0.002557,3075.0,0.0,0.002375,0.002293,0.038548,0.0,0.002243,0.002164,0.115645,0.0,0.001292,0.001247,0.38521,0.0,0.0,0.0,0.039938,0.0,0.015009,0.000499,0.015508,0.011617,,,,,,
stage1_vs_stage2__brain_f__meanstd,Stage1 (冻结原型),0.958455,0.991421,0.981977,0.746667,0.984259,0.741323,0.871331,0.896968,0.865756,0.97473,0.940813,0.993868,0.959285,2.299127,0.376522,2.209418,-0.08971,82.772541,82.772541,82.777925,82.772541,0.05,46.0,0.0,0.9169,10.063425,0.916115,0.499967,0.920804,0.958455,0.3,0.44,0.26,2968.0,3075.0,5,Stage1 (冻结原型),8.944272,0.0,0.771018,1,0.0,0.0,0.012038,0.0,0.158114,0.260768,0.114018,0.001774,0.000398,0.0,0.003699,0.003897,7.3e-05,0.001663,0.001774,0.000129,0.001377,0.98179,0.000127,0.74436,0.001359,0.000172,0.001803,0.984106,0.000175,0.739545,0.001757,0.002413,3075.0,0.0,0.005615,0.005419,0.038548,0.0,0.001633,0.001576,0.115645,0.0,0.000369,0.000356,0.38521,0.0,0.0,0.0,0.039938,0.0,0.017557,0.000667,0.018222,0.007087,0.191667,0.00546,0.109181,0.003513,0.5,0.0
stage1_vs_stage2__brain_f__meanstd,Stage1 (冻结原型) proto-only,,,0.979565,0.686422,0.982209,0.700055,0.845685,0.812534,0.78426,0.962062,0.928585,0.993396,0.958829,1.893456,0.162799,1.819001,-0.074455,,,,,,,,,,,,,,,,,2968.0,3075.0,5,,,,,,,,,,,,,,,,,,,,,0.000501,0.007458,0.979441,0.000508,0.684352,0.007524,0.000721,0.011299,0.982159,0.000728,0.698929,0.011355,0.004566,3075.0,0.0,0.020765,0.020042,0.038548,0.0,0.005997,0.005788,0.115645,0.0,0.000511,0.000493,0.38521,0.0,0.0,0.0,0.039938,0.0,0.017494,0.000621,0.018112,0.018858,,,,,,
stage1_vs_stage2__brain_f__meanstd,Stage1 (冻结原型) text-only,,,0.974437,0.732534,0.979168,0.742127,0.824484,0.864286,0.834211,0.965027,0.931447,0.990364,0.955902,2.872835,0.801299,2.762515,-0.110319,,,,,,,,,,,,,,,,,2968.0,3075.0,5,,,,,,,,,,,,,,,,,,,,,0.002854,0.005065,0.974019,0.00293,0.72966,0.005103,0.002514,0.008503,0.978908,0.002571,0.740109,0.008589,0.015368,3075.0,0.0,0.008441,0.008148,0.038548,0.0,0.002351,0.002269,0.115645,0.0,0.000971,0.000937,0.38521,0.0,0.0,0.0,0.039938,0.0,0.120754,0.004493,0.125245,0.02164,,,,,,
stage1_vs_stage2__brain_f__meanstd,Stage1 (冻结原型) mem-only,,,0.937719,0.43848,0.942328,0.44791,0.718082,0.580458,0.56026,0.827763,0.798959,0.948383,0.915382,1.629272,0.02021,1.563874,-0.065398,,,,,,,,,,,,,,,,,2968.0,3075.0,5,,,,,,,,,,,,,,,,,,,,,0.001311,0.010097,0.937878,0.001304,0.438728,0.009648,0.001157,0.007865,0.94266,0.001149,0.448701,0.007696,0.003669,3075.0,0.0,0.014311,0.013813,0.038548,0.0,0.008398,0.008105,0.115645,0.0,0.003182,0.003071,0.38521,0.0,0.0,0.0,0.039938,0.0,0.021019,0.000914,0.021932,0.003787,,,,,,
stage1_vs_stage2__brain_f__meanstd,Stage1 (冻结原型) fused,,,0.981977,0.746667,0.984259,0.741323,0.871331,0.896968,0.865756,0.97473,0.940813,0.993868,0.959285,2.299127,0.376522,2.209418,-0.08971,,,,,,,,,,,,,,,,,2968.0,3075.0,5,,,,,,,,,,,,,,,,,,,,,0.000129,0.001377,0.98179,0.000127,0.74436,0.001359,0.000172,0.001803,0.984106,0.000175,0.739545,0.001757,0.002413,3075.0,0.0,0.005615,0.005419,0.038548,0.0,0.001633,0.001576,0.115645,0.0,0.000369,0.000356,0.38521,0.0,0.0,0.0,0.039938,0.0,0.017557,0.000667,0.018222,0.007087,,,,,,
stage1_vs_stage2__brain_f__meanstd,Stage2 (解冻原型),0.964581,0.99282,0.984851,0.788142,0.987928,0.790226,0.890303,0.943733,0.910894,0.983356,0.949138,0.995755,0.961106,2.643402,0.688038,2.540876,-0.102527,82.772541,82.772541,82.772541,82.772541,0.05,0.0,0.0,0.940909,9.302326,0.942611,0.499967,0.921018,0.964581,0.42,0.36,0.22,2968.0,3075.0,5,Stage2 (解冻原型),0.0,0.0,0.0,1,0.0,0.0,0.0,0.0,0.130384,0.194936,0.083666,0.001735,0.000398,0.0,0.005778,0.005726,7.3e-05,0.003423,0.001735,0.000367,0.004695,0.984704,0.000365,0.786281,0.004797,0.000438,0.007441,0.987832,0.000446,0.78902,0.007532,0.002904,3075.0,0.0,0.009009,0.008696,0.038548,0.0,0.00187,0.001805,0.115645,0.0,0.000511,0.000493,0.38521,0.0,0.0,0.0,0.039938,0.0,0.086604,0.003003,0.089607,0.081238,0.709145,0.005931,0.589852,0.008839,0.79,0.022361
stage1_vs_stage2__brain_f__meanstd,Stage2 (解冻原型) proto-only,,,0.987341,0.813258,0.991041,0.840055,0.898508,0.958423,0.925073,0.986725,0.95239,0.995553,0.960911,2.66847,0.850215,2.56523,-0.103239,,,,,,,,,,,,,,,,,2968.0,3075.0,5,,,,,,,,,,,,,,,,,,,,,0.000185,0.001167,0.987237,0.000188,0.811968,0.00116,6.1e-05,0.000368,0.990981,6.5e-05,0.839122,0.00041,0.000874,3075.0,0.0,0.00091,0.000879,0.038548,0.0,0.000185,0.000178,0.115645,0.0,0.000282,0.000272,0.38521,0.0,0.0,0.0,0.039938,0.0,0.004713,0.000156,0.004863,0.008499,,,,,,
stage1_vs_stage2__brain_f__meanstd,Stage2 (解冻原型) text-only,,,0.978449,0.742194,0.983278,0.760248,0.841487,0.889016,0.858081,0.970957,0.937171,0.992251,0.957724,3.057446,0.88039,2.940165,-0.117281,,,,,,,,,,,,,,,,,2968.0,3075.0,5,,,,,,,,,,,,,,,,,,,,,0.000498,0.002757,0.978173,0.00051,0.739423,0.002793,0.000488,0.003616,0.983139,0.000495,0.758627,0.003634,0.003892,3075.0,0.0,0.004474,0.004318,0.038548,0.0,0.000935,0.000902,0.115645,0.0,0.000476,0.00046,0.38521,0.0,0.0,0.0,0.039938,0.0,0.012342,0.000424,0.012764,0.013235,,,,,,
stage1_vs_stage2__brain_f__meanstd,Stage2 (解冻原型) mem-only,,,0.942465,0.463431,0.947553,0.476018,0.733668,0.608693,0.587512,0.848989,0.819447,0.955391,0.922146,1.692758,0.032129,1.624949,-0.067809,,,,,,,,,,,,,,,,,2968.0,3075.0,5,,,,,,,,,,,,,,,,,,,,,0.000986,0.009343,0.942597,0.00099,0.46348,0.009012,0.001012,0.007938,0.947864,0.000993,0.476543,0.007691,0.002448,3075.0,0.0,0.014776,0.014262,0.038548,0.0,0.006907,0.006666,0.115645,0.0,0.002733,0.002638,0.38521,0.0,0.0,0.0,0.039938,0.0,0.010704,0.000473,0.011175,0.004608,,,,,,
stage1_vs_stage2__brain_f__meanstd,Stage2 (解冻原型) fused,,,0.984851,0.788142,0.987928,0.790226,0.890303,0.943733,0.910894,0.983356,0.949138,0.995755,0.961106,2.643402,0.688038,2.540876,-0.102527,,,,,,,,,,,,,,,,,2968.0,3075.0,5,,,,,,,,,,,,,,,,,,,,,0.000367,0.004695,0.984704,0.000365,0.786281,0.004797,0.000438,0.007441,0.987832,0.000446,0.78902,0.007532,0.002904,3075.0,0.0,0.009009,0.008696,0.038548,0.0,0.00187,0.001805,0.115645,0.0,0.000511,0.000493,0.38521,0.0,0.0,0.0,0.039938,0.0,0.086604,0.003003,0.089607,0.081238,,,,,,
